종목명,종목코드
RISE 200위클리커버드콜,e=475720
RISE 미국AI밸류체인데일리고정커버드콜,e=490590
RISE 미국테크100데일리고정커버드콜,e=491620
TIGER 배당커버드콜액티브,e=472150
RISE 200,e=148020
KODEX 미국S&P500,e=379800
SOL 국제금,e=0066W0
TIGER 단기채권액티브,e=272580
KODEX 미국나스닥100,e=379810
KODEX 차이나CSI300,e=283580
KODEX 반도체,e=091160
TIGER 코스닥150,e=232080
KODEX 자동차,e=091180
TIGER 증권,e=157500
KODEX 은행,e=091170
KODEX 보험,e=140700
TIGER 인도니프티50,e=453870
KoAct 바이오헬스케어액티브,e=462900
RISE 글로벌원자력,e=442320
TIGER 조선TOP10,e=494670
TIGER 200 IT,e=139260
KODEX 에너지화학,e=117460
TIGER 지주회사,e=307520
KODEX 미국AI전력핵심인프라,e=487230
RISE AI전력인프라,e=0101N0
PLUS 자사주매입고배당주,e=0098N0
